<?xml version="1.0" encoding="UTF-8"?>
<!DOCTYPE mapper PUBLIC "-//mybatis.org//DTD Mapper 3.0//EN" "http://mybatis.org/dtd/mybatis-3-mapper.dtd">
<mapper namespace="member">
	<insert id="join" parameterType="MemberDTO">
		insert into tbl_member(member_number, member_id, member_password, member_name, member_phone_number, member_age, member_gender)
		values(seq_member.nextVal, #{memberId}, #{memberPassword}, #{memberName}, #{memberPhoneNumber}, #{memberAge}, #{memberGender})
	</insert>
	
	<select id="checkId" parameterType="string" resultType="int">
		select count(member_number) from tbl_member
		where member_id = #{memberId}
	</select>
	
	<select id="login" parameterType="MemberDTO" resultType="int">
		select member_number from tbl_member
		where member_id = #{memberId} and member_password = #{memberPassword}
	</select>
	
	<select id="getMemberId" parameterType="int" resultType="string">
		select member_id from tbl_member where member_number = #{memberNumber}
	</select>
</mapper>